company,url
Advanced Space,https://advancedspace.com/careers/
Albedo,https://albedo.com/company#jobs
Anduril,https://www.anduril.com/open-roles/?location=Boulder%2C+Colorado%2C+United+States_Broomfield%2C+Colorado%2C+United+States_Broomfield%2C+Colorado%2C+United+States%3B+Fort+Collins%2C+Colorado%2C+United+States_Denver%2C+Colorado%2C+United+States_Fort+Collins%2C+Colorado%2C+United+States&department=&search=&gh_src=
Astroscale,https://www.astroscale-us.com/en/careers
BAE,https://jobs.baesystems.com/global/en/c/engineering-technology-jobs
Blue Canyon,https://www.bluecanyontech.com/careers/
Blue Origin,https://www.blueorigin.com/careers/search?search=gnc&location=Denver%2C+CO%3BLongmont%2C+CO%3BRemote&category=Engineer+-+Aerospace+Systems%3BEngineer+-+Avionics%2C+Instruments+%26+GNC%3BEngineer+-+Communications+Systems%3BEngineer+-+Config+%26+Development%3BEngineer+-+Data%3BEngineer+-+EHS%3BEngineer+-+Electronics%2FElectrical+Systems%3BEngineer+-+Facilities%3BEngineer+-+Flight+Ops%2C+Launch+%26+Safety%3BEngineer+-+Fluid+Systems%3BEngineer+-+GSE+%26+Tooling%3BEngineer+-+Hardware%3BEngineer+-+Industrial%3BEngineer+-+Manufacturing%3BEngineer+-+Materials+%26+Process%3BEngineer+-+Mechanical%3BEngineer+-+Mfg%2FProcess%2FIndustrial%3BEngineer+-+Ops+Training%3BEngineer+-+Propulsion%3BEngineer+-+Quality+%26+Contin+Improvement%3BEngineer+-+Specialty+Sciences%3BEngineer+-+Structural%3BEngineer+-+Supply+Chain%3BEngineer+-+System+Safety%3BEngineer+-+Test%3BEstimator%3BExecutive+Assistant%3BExpeditor%3BGeneral+Helper%3BIndustrial+Designer%3BInspector%3BInspector+-+NDT%3BIntern%3BLegal+Counsel%3BMachine+Operator%3BMachine+Programmer%3BMachinist%3BManagement+-+AERS+Engineering+%26+Systems%3BManagement+-+Avionics%2C+GNC+%26+Electronics%3BManagement+-+Data+Sciences+%26+Analytics%3BManagement+-+Engines%2C+Propulsion+%26+Fluid+Systems%3BManagement+-+Enterprise+%26+Info+Technology%3BManagement+-+GSE+%26+Tooling%3BManagement+-+HR+%26+Recruiting%3BManagement+-+Manufacturing+Engineering+%26+Technology%3BManagement+-+Manufacturing%2C+Ops+%26+Assembly%3BManagement+-+Program%2FProject+Management%3BManagement+-+Quality+%26+Continuous+Improvement%3BManagement+-+Software+Development%3BManagement+-+Supply+Chain%3BManufacturing+Planner%3BPlanner%2FScheduler%3BProgram+Manager+-+Business+Administration%3BProject+Manager%3BSales+Manager%3BSecurity+Guard%3BSpecialist+-+Construction+Management%3BSpecialist+-+Enterprise+Technology%3BSpecialist+-+HR%3BSpecialist+-+Production+Control%3BSpecialist+-+Program+Planning+%26+Controls%3BSpecialist+-+Security%3BSpecialist+-+Talent+Acquisition%3BSpecialist+%E2%80%93+Facilities+%26+Maintenance%3BSupply+Chain+Project%2FProgram+Management%3BTechnical+Product+Manager%3BTechnical+Program+Manager%3BTechnical+Project+Manager%3BTechnician+-+Clean+Room%3BTechnician+-+Deburr%3BTechnician+-+Help+Desk%3BTechnician+-+Integration+Engineering%3BTechnician+-+Maintenance%3BTechnician+-+Mission+Operations%3BWelder%2FLaser+Operator
Capella,https://www.capellaspace.com/company/careers#open-positions
Cesium,https://jobs.lever.co/CesiumAstro?location=Westminster%2C%20CO
Impulse,https://www.impulsespace.com/careers#were-hiring
Lockheed,https://www.lockheedmartinjobs.com/search-jobs/gnc/Colorado%2C%20US/694/1/3/6252001-5417618/39x00027/-105x50083/50/2
Loft,https://jobs.lever.co/loftorbital/
Northrop,https://jobs.northropgrumman.com/careers?pid=1340059062151&location=CO%2C%20United%20States&triggerGoButton=false
Odessey,https://www.odysseysr.com/careers/current-openings/
OrbitFab,https://www.orbitfab.com/careers/
Orion,https://careers.arcfield.com/careers-home/jobs?keywords=Orion&sortBy=relevance&page=1
Red Canyon,https://redcanyonsoftware.com/current-jobs/
Redwire,https://careers.redwirespace.com/jobs/search?address%5B%5D=40.005%2C-105.266
RocketLab,https://rocketlabcorp.com/careers/positions/
Sierra Space,https://sierraspace.wd1.myworkdayjobs.com/Sierra_Space_External_Career_Site
SpaceCrew,https://spacecrew.com/space-gnc-jobs/location/united-states-colorado
SpaceNav,https://www.space-nav.com/about/
True Anomaly,https://www.trueanomaly.space/careers
Vantor,https://maxar.wd1.myworkdayjobs.com/Vantor?locationRegionStateProvince=a83d6eabae3b49718c4ce09eeb66fd0b&jobFamilyGroup=85b45153b47510fa673c6ebb6c7d44a7
York,https://jobs.dayforcehcm.com/en-US/yss/CANDIDATEPORTAL